Domain,Competitor Relevance,Common Keywords,Organic Keywords,Organic Traffic,Organic Cost,Adwords Keywords
coinmarketcap.com,0.6,7405,62973,765775,506065.00,0
coingecko.com,0.55,5908,32361,164968,358187.00,0
coinbase.com,0.52,6676,57453,489709,1371036.00,0
crypto.com,0.47,5075,16554,119520,221375.00,0
coindesk.com,0.39,4250,34782,284727,144586.00,0
coincodex.com,0.36,3583,28348,111900,116099.00,0
cointelegraph.com,0.28,2665,39586,227202,81820.00,0
kraken.com,0.27,2880,11725,103021,334601.00,0
livecoinwatch.com,0.22,2668,7564,21349,55257.00,0
bybit.com,0.21,1913,11306,30034,80636.00,0
btcc.com,0.19,1397,12302,14294,10782.00,0
ambcrypto.com,0.17,1609,24032,29562,10407.00,0
changelly.com,0.17,1860,7150,70226,22538.00,1
blockworks.co,0.16,1502,8918,98466,11223.00,0
okx.com,0.14,1496,8877,26592,73263.00,3
bitdegree.org,0.12,872,16391,5864,6293.00,0
beincrypto.com,0.12,997,19749,12857,5208.00,0
cryptonews.com,0.12,824,12257,28450,28573.00,31
coinpaprika.com,0.11,1219,6103,4830,4207.00,0
kucoin.com,0.11,1236,6150,33317,26243.00,0
techopedia.com,0.11,1909,104069,239952,357906.00,0
tradingview.com,0.1,1840,105124,470976,871561.00,0
coinstats.app,0.1,1093,4158,6331,11927.00,0
analyticsinsight.net,0.09,639,21225,15792,34408.00,0
decrypt.co,0.08,555,17294,15618,5562.00,0
etherscan.io,0.08,720,7179,25786,1693.00,0
newsbtc.com,0.08,594,8391,13230,3566.00,0
business2community.com,0.08,523,24641,6633,14801.00,33
cryptonewsz.com,0.08,716,5471,5223,5247.00,0
capital.com,0.08,1317,68328,152489,186275.00,94
ccn.com,0.07,453,8031,20773,16628.00,0
ledger.com,0.07,556,7875,54599,60700.00,0
bitkan.com,0.07,513,11831,13916,7320.00,0
u.today,0.07,478,7041,147255,72631.00,0
coincarp.com,0.07,836,5611,1453,607.00,0
cryptoslate.com,0.07,442,7209,7081,23280.00,0
bitcoinist.com,0.07,310,7595,3855,7341.00,0
cryptopolitan.com,0.07,584,9608,3280,1848.00,0
cryptorank.io,0.07,680,7147,1474,1044.00,0
coinlore.com,0.06,956,4609,1943,267.00,0
kriptomat.io,0.06,798,3479,5679,2911.00,0
coinpedia.org,0.06,735,5653,18156,7384.00,0
bitpanda.com,0.06,558,11305,9436,21969.00,0
coindataflow.com,0.06,385,6470,1437,1251.00,0
coinranking.com,0.06,734,4933,3798,18584.00,0
gemini.com,0.06,507,5769,24822,27932.00,0
tradersunion.com,0.06,478,13502,10913,40026.00,0
cex.io,0.06,620,4121,31734,14523.00,0
digitalcoinprice.com,0.05,711,3734,1700,502.00,0
coinbureau.com,0.05,201,2785,3866,14281.00,0
coingape.com,0.05,326,7320,13643,7849.00,0
cryptopotato.com,0.05,392,6803,59749,24061.00,0
etoro.com,0.05,684,40991,207303,625054.00,129
bitget.com,0.05,531,6025,7258,827523.00,0
mexc.com,0.05,454,4028,8421,29891.00,4
stilt.com,0.05,188,11819,15091,13995.00,0
bitcourier.co.uk,0.05,450,3107,8940,4674.00,0
bitnation.co,0.05,636,2401,3078,1823.00,0
stormgain.com,0.04,312,2230,3373,5657.00,0
gate.io,0.04,316,5135,5821,3501.00,3
primexbt.com,0.04,354,4699,10076,85543.00,4
bitstamp.net,0.04,481,5246,11812,26231.00,0
icodrops.com,0.04,395,2150,1776,5386.00,0
finbold.com,0.04,307,14603,23506,9883.00,0
3commas.io,0.04,389,2706,4095,2491.00,0
dappradar.com,0.04,304,3916,3113,1724.00,0
bitcoin.com,0.04,429,8886,24172,14244.00,0
icoholder.com,0.03,236,2700,531,548.00,0
fxstreet.com,0.03,320,32141,99118,82159.00,0
coinmarketcal.com,0.03,507,2555,890,1014.00,0
bitcoinwisdom.com,0.03,289,1748,1333,658.00,0
messari.io,0.03,312,2526,2169,4226.00,0
securities.io,0.03,266,3151,2560,3141.00,0
everybithelps.io,0.03,70,1456,137,27.00,0
fool.com,0.03,1019,130827,569401,998434.00,0
uphold.com,0.03,261,2384,9102,27786.00,0
coinbrain.com,0.03,248,4076,3935,4323.00,0
coincheckup.com,0.03,320,3138,1302,530.00,0
bsc.news,0.03,167,2688,1648,3331.00,0
swapspace.co,0.03,428,2051,967,71.00,0
investing.com,0.03,1417,202591,634369,774849.00,0
investorsobserver.com,0.03,231,36821,18777,18798.00,0
coinedition.com,0.02,244,2207,1141,837.00,0
zipmex.com,0.02,161,2389,858,154.00,0
defillama.com,0.02,211,1839,4433,4315.00,0
thenewscrypto.com,0.02,293,2746,753,245.00,0
insidebitcoins.com,0.02,141,5608,3511,5868.00,0
dailyhodl.com,0.02,145,2919,45496,51070.00,0
coinmooner.com,0.02,222,1569,535,159.00,0
crowdwisdom.live,0.02,251,2743,1136,624.00,0
bitpay.com,0.02,242,2045,4988,15089.00,0
forkast.news,0.02,86,3789,373,96.00,0
captainaltcoin.com,0.02,137,3107,397,1062.00,0
coin360.com,0.02,245,1841,2326,4667.00,0
banklesstimes.com,0.02,145,4515,11164,22852.00,0
gov.capital,0.02,235,27276,64289,96272.00,0
priceprediction.net,0.02,365,2446,644,176.00,0
trustwallet.com,0.02,131,2248,11460,39966.00,0
telegaon.com,0.02,234,1233,1040,281.00,0
coinjournal.net,0.02,152,5519,5856,4973.00,0
